city,latitude,longitude
Abohar,30.15,74.18
Achalpur,21.26,77.51
Adilabad,19.67,78.53
Adityapur,23.2,90.12
Adoni,15.63,77.28
Agartala,23.84,91.28
Agra,27.18,78.02
Ahmadabad,34.25,62.42
Ahmadnagar,19.08,74.73
Aizawl,23.72,92.72
Ajmer,26.45,74.63
Akbarpur,26.38,79.95
Akola,20.73,77.0
Alandur,13.0,80.21
Alappuzha,9.49,76.33
Aligarh,27.88,78.08
Allahabad,25.45,81.85
Alwar,27.57,76.6
Ambala,30.38,76.78
Ambala,22.95,90.08
Ambarnath,19.2,73.17
Ambattur,13.08,80.09
Ambikapur,23.12,83.2
Ambur,12.78,78.7
Amravati,20.93,77.75
Amreli,21.62,71.23
Amritsar,31.63,74.87
Amroha,28.92,78.47
Anand,22.57,72.93
Anantapur,14.68,77.6
Anantnag,33.73,75.15
Arrah,6.67,-3.97
Asansol,23.68,86.98
Ashoknagar,24.57,77.72
Aurangabad,19.88,75.33
Aurangabad,19.88,75.33
Avadi,13.12,80.1
Azamgarh,26.06,83.19
Badlapur,19.15,73.27
Bagaha,27.1,84.08
Bagalkot,16.18,75.7
Bahadurgarh,28.68,76.92
Baharampur,24.1,88.25
Bahraich,27.58,81.6
Baidyabati,22.79,88.32
Baleshwar,21.49,86.93
Ballia,25.75,84.17
Bally,22.65,88.34
Bally Bally,-32.17,117.1
Balurghat,25.22,88.77
Bandarlampung,-5.43,105.26
Bankura,23.25,87.07
Jalkar Bansberia,24.62,88.25
Banswara,23.55,74.45
Baranagar,22.64,88.37
Baranagar,22.64,88.37
Barasat,22.68,88.44
Baraut,29.1,77.27
Barddhaman,23.24,87.87
Bareilly,28.35,79.42
Baripada,21.94,86.72
Barnala,30.38,75.55
Barshi,43.05,42.52
Basirhat,22.66,88.89
Basti,26.8,82.72
Batala,31.82,75.2
Beawar,26.1,74.32
Begusarai,25.42,86.13
Belgaum,15.87,74.5
Bellary,15.15,76.93
Bengaluru,12.98,77.58
Bettiah,26.8,84.5
Betul,21.86,77.93
Bhadrak,21.05,86.52
Bhadravati,13.87,75.72
Bhadreswar,22.82,88.35
Bhagalpur,25.25,87.0
Pur Pur,-7.71,-77.78
Bharatpur,27.22,77.48
Bharuch,21.7,72.97
Bhatpara,22.87,88.41
Bhavnagar,21.77,72.15
Bhilai,21.22,81.43
Bhilwara,25.35,74.63
Bhimavaram,16.53,81.53
Bhind,26.56,78.79
Bhiwandi,19.3,73.07
Bhiwani,28.78,76.13
Bhopal,23.27,77.4
Bhubaneswar,23.83,89.95
Bhuj,23.27,69.67
Bhusawal,21.05,75.77
Block Island State Airport,41.17,-71.58
Bidar,17.9,77.55
Nagar,22.93,90.17
Bijapur,16.83,75.7
Bikaner,28.02,73.3
Bilaspur,22.08,82.15
Bokaro,23.78,85.97
Bongaon,23.07,88.82
Botad,22.17,71.67
Brahmapur,22.85,91.0
Budaun,28.05,79.12
Bulandshahr,28.4,77.85
Bundi,25.44,75.64
Burari,11.47,13.77
Burhanpur,21.3,76.23
Buxar,25.58,83.98
Champdani,22.8,88.37
Chandannagar,22.87,88.38
Chandausi,28.45,78.77
Chandigarh,30.74,76.79
Chandrapur,19.95,79.3
Chapra,22.55,89.18
Chas,23.63,86.17
Chennai,13.08,80.28
Chhattarpur,28.5,77.18
Chhindwara,22.07,78.93
Chikmagalur,13.32,75.78
Chitradurga,14.23,76.4
Chittaurgarh,24.88,74.63
Chittoor,13.2,79.12
Churu,28.3,74.95
Coimbatore,10.99,76.96
Cuddalore,11.75,79.75
Cuttack,20.5,85.83
Pura Pura,-16.48,-68.17
Damoh,23.83,79.45
Darbhanga,26.17,85.9
Darjiling,27.03,88.27
Datia,25.67,78.47
Deesa,24.25,72.17
Dehradun,30.32,78.03
Dehri,24.87,84.18
Delhi,42.85,-80.5
Delhi Cantonment,28.6,77.13
Deoghar,24.27,91.08
Deoli,20.67,78.48
Deoria,26.5,83.79
Dewas,22.97,76.07
Dhanbad,23.8,86.45
Dharmavaram,14.43,77.72
Dhaulpur,26.7,77.9
Dhule,20.9,74.78
Dibrugarh,27.48,94.9
Dimapur,25.9,93.73
Nizamat Ghopkhali,22.27,89.9
Dindigul,10.35,77.95
Dum Dum,22.62,88.42
Durgapur,23.48,87.32
Durgapur,23.48,87.32
Eluru,16.7,81.1
English Bazar,25.0,88.15
Erode,11.35,77.73
Etah,27.63,78.67
Etawah,26.77,79.03
Faizabad,26.78,82.13
Faridabad,28.43,77.32
Farrukhabad,31.2,52.61
Fatehpur,27.98,74.95
Firozabad,27.15,78.42
Firozpur,30.92,74.6
Gadag,25.63,64.31
Gandhidham,23.08,70.13
Gandhinagar,23.22,72.68
Ganganagar,29.92,73.88
Gangapur,22.53,90.68
Gangawati,15.43,76.53
Gaya,24.78,85.0
Ghazipur,25.58,83.57
Giridih,24.18,86.3
Godhra,22.75,73.63
Gokal,31.33,70.89
Gondar,12.6,37.47
Gondal,21.97,70.8
Gorakhpur,29.45,75.68
Hyderabad,25.37,68.37
Mumbai,18.98,72.83
Noida,28.57,77.32
Gudivada,16.45,80.98
Gulbarga,17.33,76.83
Guna,24.65,77.32
Guntakal,15.17,77.38
Guntur,16.3,80.45
Gurgaon,28.47,77.03
Guwahati,26.18,91.73
Gwalior,26.22,78.18
Habra,22.83,88.63
Hajipur,25.68,85.22
Haldia,22.03,88.06
Haldwani,29.22,79.52
Halisahar,22.95,88.42
Hanumangarh,29.58,74.32
Haora,22.59,88.31
Hapur,28.72,77.78
Hardoi,27.12,80.15
Hardwar,29.97,78.17
Hassan,13.0,76.1
Hathras,27.6,78.05
Hazaribag,23.98,85.35
Hindaun,26.72,77.02
Hindupur,13.83,77.49
Hinganghat,20.57,78.83
Hisar,29.17,75.72
Hoshangabad,22.75,77.72
Hoshiarpur,31.53,75.92
Hospet,15.27,76.4
Hosur,12.72,77.82
Dharwad,15.47,75.02
Hugli,22.85,91.02
Ichalkaranji,16.7,74.47
Imphal,24.82,93.95
Indore,22.72,75.83
Jabalpur,23.17,79.95
Jagadhri,30.17,77.3
Jagdalpur,19.07,82.03
Jaipur,26.92,75.82
Jalandhar,31.33,75.58
Jalgaon,21.05,76.53
Jalna,19.83,75.88
Jalpaiguri,26.52,88.73
Jamalpur,24.92,89.93
Jammu,32.73,74.87
Jamnagar,22.47,70.07
Jamshedpur,22.8,86.18
Jamuria,23.7,87.08
Jaunpur,25.73,82.68
Jehanabad,28.89,58.9
Jetpur,21.73,70.62
Jhansi,25.43,78.58
Jhunjhunun,28.13,75.4
Jind,29.32,76.32
Jodhpur,26.29,73.03
Junagadh,21.52,70.47
Kadapa,14.47,78.82
Kaithal,29.8,76.38
Kakinada,16.93,82.22
Kalol,23.25,72.48
Kalyani,22.98,88.48
Kamarhati,22.67,88.37
Kancheepuram,12.83,79.72
Kanchrapara,22.97,88.43
Kanpur,26.47,80.35
Kanpur,32.58,74.62
Karaikkudi,10.07,78.78
Nagar,22.93,90.17
Karimnagar,18.43,79.15
Karnal,29.68,76.98
Kasganj,27.82,78.65
Kashipur,29.22,78.95
Katihar,25.53,87.58
Khammam,17.25,80.15
Khandwa,21.83,76.33
Khanna,30.7,76.22
Kharagpur,22.33,87.33
Khardaha,22.72,88.38
Khargone,21.82,75.6
Khora,37.05,21.72
Khurja,28.25,77.85
Kirari,-3.39,29.54
Kishanganj,26.12,87.93
Kishangarh,27.82,76.72
Kochi,9.97,76.23
Kolar,13.13,78.13
Kolhapur,16.7,74.22
Kolkata,22.57,88.37
Kollam,8.88,76.59
Korba,22.35,82.68
Kota Bharu,6.13,102.25
Kozhikode,11.25,75.77
Krishnanagar,23.4,88.5
Kulti,23.73,86.85
Kumbakonam,10.97,79.38
Kurichi Lozy,48.08,30.35
Kurnool,15.83,78.05
Lakhimpur,27.95,80.77
Lalitpur,27.67,85.33
Latur,18.4,76.58
Loni,28.75,77.28
Lucknow,26.85,80.92
Ludhiana,30.9,75.85
Machilipatnam,16.17,81.13
Madanapalle,13.55,78.5
Madavaram,13.15,80.24
Madhyamgram,22.7,88.45
Madurai,9.93,78.12
Mahbubnagar,16.73,77.98
Mahesana,23.6,72.4
Mainpuri,27.23,79.02
Malegaon,20.55,74.53
Mandsaur,24.07,75.07
Mandya,12.52,76.9
Mangalore,12.86,74.84
Mangochi,-14.47,35.27
Mathura,27.5,77.68
Maunath Bhanjan,25.94,83.56
Medinipur,22.43,87.33
Meerut,28.98,77.7
Mira,29.7,-9.47
Mirzapur-Cum-Vindhyachal,25.15,82.58
Mogadishu,2.07,45.37
Moradabad,28.83,78.78
Morena,26.5,78.0
Morvi,22.82,70.83
Motihari,26.65,84.92
Muktsar,30.48,74.52
Munger,25.38,86.47
Murwara,23.85,80.4
Mustafabad,30.77,73.7
Muzaffarnagar,29.47,77.68
Muzaffarpur,26.12,85.4
Mysore,12.31,76.65
Nabadwip,23.42,88.37
Nadiad,22.7,72.87
Nagaon,17.47,73.62
Nagapattinam,10.77,79.83
Nagaur,27.2,73.73
Nagda,23.45,75.42
Nagercoil,8.19,77.43
Nagpur,21.15,79.1
Naihati,22.9,88.42
Nalgonda,17.05,79.27
Nanded,19.15,77.33
Nandurbar,21.37,74.25
Nandyal,15.48,78.48
Nangloi Jat,28.68,77.07
Narasaraopet,16.25,80.07
Mumbai,18.98,72.83
Mumbai,18.98,72.83
Navsari,20.85,72.92
Neemuch,24.48,74.87
Nellore,14.43,79.97
New Delhi,28.6,77.2
Neyveli,11.53,79.48
Nizamabad,18.67,78.12
Noida,28.57,77.32
North Berwick,56.05,-2.73
Dum-Dum,13.2,15.38
Ongole,15.5,80.05
Orai,25.98,79.47
Osmanabad,18.17,76.05
Palakkad,10.77,76.65
Palanpur,24.17,72.43
Pali,25.77,73.33
Pallavaram,12.98,80.18
Palwal,28.15,77.33
Panihati,22.69,88.37
Panipat,29.39,76.97
Panvel,18.98,73.1
Parbhani,19.27,76.78
Patan,23.83,72.12
Pathankot,32.28,75.65
Patiala,30.33,76.4
Patna,25.6,85.12
Pilibhit,28.63,79.8
Chinchwad,18.62,73.78
Porbandar,21.63,69.6
Port Blair,11.67,92.75
Proddatur,14.73,78.55
Puducherry,11.93,79.83
Pudukkottai,10.38,78.82
Pune,18.53,73.87
Puri,19.8,85.85
Purnia,25.78,87.47
Puruliya,23.33,86.37
Rae Bareli,26.22,81.23
Raichur,16.2,77.37
Raiganj,25.62,88.12
Raigarh,21.9,83.4
Raipur,21.23,81.63
Rajahmundry,16.98,81.78
Rajapalayam,9.45,77.57
Gopalpur,22.33,89.1
Rajkot,22.3,70.78
Rajpur,24.77,90.3
Ramagundam,1.53,103.67
Rampur,28.82,79.03
Ranchi,23.35,85.33
Ranibennur,14.62,75.62
Raniganj,23.62,87.13
Ratlam,23.32,75.07
Ferrobank Industrial Township,-25.85,29.17
Raurkela,22.2,84.88
Rewa,24.53,81.3
Rewari,28.18,76.62
Rishra,22.71,88.35
Robertson,21.18,-77.55
Rohtak,28.9,76.57
Roorkee,29.87,77.88
Rudrapur,22.37,89.07
S.A.S. Mediouna,36.12,0.75
Sagar,23.83,78.72
Saharanpur,29.97,77.55
Saharsa,25.88,86.6
Salem,11.65,78.17
Sambalpur,21.45,83.97
Sambhal,28.58,78.55
Miraj,16.83,74.63
Santipur,24.57,88.93
Sasaram,24.95,84.03
Satara,17.68,73.98
Satna,24.58,80.83
Sawai Madhopur,25.98,76.37
Secunderabad,17.45,78.5
Sehore,23.2,77.08
Seoni,22.08,79.53
Serampore,22.75,88.34
Shahjahanpur,27.88,79.92
Shamli,29.45,77.32
Shikohabad,27.1,78.6
Shillong,25.58,91.87
Shimla,31.1,77.17
Shimoga,13.92,75.57
Shivpuri,25.43,77.65
Sikar,27.62,75.15
Silchar,24.82,92.8
Siliguri,29.27,80.98
Singrauli,24.2,82.67
Sirsa,29.53,75.02
Sitapur,27.57,80.68
Siwan,26.22,84.37
Solapur,17.68,75.92
Sonipat,28.98,77.02
Dum-Dum,13.2,15.38
Srikakulam,18.3,83.9
Srinagar,34.09,74.8
Sujangarh,27.7,74.47
Pur Pur,-7.71,-77.78
Sultanpur,26.27,82.07
Surat,20.97,72.9
Surendranagar,22.7,71.68
Suryapet,17.15,79.62
Tadepalligudem,16.83,81.5
Tadpatri,14.92,78.02
Tambaram,12.93,80.11
Tenali,16.25,80.58
Thanesar,29.98,76.82
Thanesar,29.98,76.82
Thanjavur,10.8,79.15
Thiruvananthapuram,8.51,76.96
Thrissur,10.52,76.22
Tiruchirappalli,10.81,78.69
Tirunelveli,8.73,77.7
Tirupati,13.65,79.42
Tiruppur,11.1,77.35
Tiruvannamalai,12.22,79.07
Tiruvottiyur,13.16,80.3
Titagarh,22.74,88.37
Tonk,26.17,75.78
Tumkur,13.34,77.1
Udaipur,27.72,75.48
Udgir,18.38,77.12
Udupi,13.35,74.75
Ujjain,23.18,75.77
Ulhasnagar,19.22,73.15
Uluberia,22.47,88.11
Unnao,26.53,80.5
Uttarpara,25.03,92.02
Vadodara,22.3,73.2
Valsad,20.63,72.93
Varanasi,25.33,83.0
Virar,-12.57,14.42
Vellore,12.93,79.13
Veraval,20.9,70.37
Vidisha,23.53,77.82
Vijayawada,16.52,80.62
Visakhapatnam,17.7,83.3
Vizianagaram,18.12,83.42
Warangal,18.0,79.58
Wardha,20.75,78.62
Yamunanagar,30.1,77.28
Yavatmal,20.4,78.13
