city,latitude,longitude,temperature,humidity
Abohar,30.15,74.18,39.8,20
Achalpur,21.26,77.51,41.6,16
Adilabad,19.67,78.53,40.7,20
Adityapur,23.2,90.12,28.0,88
Adoni,15.63,77.28,35.8,41
Agartala,23.84,91.28,32.8,63
Agra,27.18,78.02,35.9,37
Ahmadabad,34.25,62.42,36.4,8
Ahmadnagar,19.08,74.73,36.7,28
Aizawl,23.72,92.72,26.6,57
Ajmer,26.45,74.63,37.3,28
Akbarpur,26.38,79.95,36.7,35
Akola,20.73,77.0,40.9,19
Alandur,13.0,80.21,37.0,45
Alappuzha,9.49,76.33,27.9,82
Aligarh,27.88,78.08,35.2,41
Allahabad,25.45,81.85,35.7,39
Alwar,27.57,76.6,34.0,42
Ambala,30.38,76.78,34.0,37
Ambala,22.95,90.08,28.5,87
Ambarnath,19.2,73.17,36.0,45
Ambattur,13.08,80.09,37.5,42
Ambikapur,23.12,83.2,35.0,30
Ambur,12.78,78.7,34.1,46
Amravati,20.93,77.75,41.3,16
Amreli,21.62,71.23,38.3,35
Amritsar,31.63,74.87,34.4,28
Amroha,28.92,78.47,30.8,56
Anand,22.57,72.93,39.0,40
Anantapur,14.68,77.6,36.6,37
Anantnag,33.73,75.15,25.8,34
Arrah,6.67,-3.97,27.9,79
Asansol,23.68,86.98,27.5,84
Ashoknagar,24.57,77.72,38.8,25
Aurangabad,19.88,75.33,38.2,24
Aurangabad,19.88,75.33,38.2,24
Avadi,13.12,80.1,37.5,42
Azamgarh,26.06,83.19,32.5,50
Badlapur,19.15,73.27,35.7,45
Bagaha,27.1,84.08,26.4,85
Bagalkot,16.18,75.7,36.4,32
Bahadurgarh,28.68,76.92,35.0,42
Baharampur,24.1,88.25,28.6,77
Bahraich,27.58,81.6,30.9,57
Baidyabati,22.79,88.32,25.6,96
Baleshwar,21.49,86.93,27.6,88
Ballia,25.75,84.17,31.8,57
Bally,22.65,88.34,25.0,98
Bally Bally,-32.17,117.1,12.9,85
Balurghat,25.22,88.77,31.6,63
Bandarlampung,-5.43,105.26,27.5,75
Bankura,23.25,87.07,26.5,90
Jalkar Bansberia,24.62,88.25,26.9,91
Banswara,23.55,74.45,38.8,33
Baranagar,22.64,88.37,25.0,97
Baranagar,22.64,88.37,25.0,97
Barasat,22.68,88.44,25.0,97
Baraut,29.1,77.27,31.4,56
Barddhaman,23.24,87.87,26.0,97
Bareilly,28.35,79.42,33.4,43
Baripada,21.94,86.72,27.6,83
Barnala,30.38,75.55,37.0,28
Barshi,43.05,42.52,7.3,87
Basirhat,22.66,88.89,25.4,96
Basti,26.8,82.72,31.1,56
Batala,31.82,75.2,35.2,28
Beawar,26.1,74.32,38.2,28
Begusarai,25.42,86.13,30.0,69
Belgaum,15.87,74.5,30.6,56
Bellary,15.15,76.93,36.0,36
Bengaluru,12.98,77.58,31.8,48
Bettiah,26.8,84.5,29.3,68
Betul,21.86,77.93,37.8,21
Bhadrak,21.05,86.52,30.1,76
Bhadravati,13.87,75.72,30.5,60
Bhadreswar,22.82,88.35,25.6,96
Bhagalpur,25.25,87.0,30.6,69
Pur Pur,-7.71,-77.78,3.2,71
Bharatpur,27.22,77.48,35.2,39
Bharuch,21.7,72.97,35.3,49
Bhatpara,22.87,88.41,25.5,97
Bhavnagar,21.77,72.15,42.2,24
Bhilai,21.22,81.43,41.5,17
Bhilwara,25.35,74.63,38.2,28
Bhimavaram,16.53,81.53,38.8,42
Bhind,26.56,78.79,36.8,34
Bhiwandi,19.3,73.07,35.2,48
Bhiwani,28.78,76.13,38.1,28
Bhopal,23.27,77.4,39.4,22
Bhubaneswar,23.83,89.95,30.1,74
Bhuj,23.27,69.67,35.5,50
Bhusawal,21.05,75.77,41.2,24
Block Island State Airport,41.17,-71.58,13.5,71
Bidar,17.9,77.55,37.3,26
Nagar,22.93,90.17,28.4,89
Bijapur,16.83,75.7,36.8,31
Bikaner,28.02,73.3,42.8,17
Bilaspur,22.08,82.15,37.2,32
Bokaro,23.78,85.97,30.5,63
Bongaon,23.07,88.82,25.2,96
Botad,22.17,71.67,40.9,28
Brahmapur,22.85,91.0,32.1,66
Budaun,28.05,79.12,33.0,47
Bulandshahr,28.4,77.85,33.5,49
Bundi,25.44,75.64,39.5,26
Burari,11.47,13.77,38.1,31
Burhanpur,21.3,76.23,40.8,22
Buxar,25.58,83.98,32.2,57
Champdani,22.8,88.37,25.4,97
Chandannagar,22.87,88.38,25.5,97
Chandausi,28.45,78.77,34.0,43
Chandigarh,30.74,76.79,35.2,26
Chandrapur,19.95,79.3,42.3,22
Chapra,22.55,89.18,27.5,90
Chas,23.63,86.17,30.2,72
Chennai,13.08,80.28,35.0,59
Chhattarpur,28.5,77.18,34.2,43
Chhindwara,22.07,78.93,37.8,25
Chikmagalur,13.32,75.78,25.8,71
Chitradurga,14.23,76.4,33.1,44
Chittaurgarh,24.88,74.63,37.5,37
Chittoor,13.2,79.12,36.2,35
Churu,28.3,74.95,40.3,24
Coimbatore,10.99,76.96,30.6,59
Cuddalore,11.75,79.75,31.9,80
Cuttack,20.5,85.83,28.5,92
Pura Pura,-16.48,-68.17,-0.1,61
Damoh,23.83,79.45,40.8,19
Darbhanga,26.17,85.9,30.9,67
Darjiling,27.03,88.27,19.7,54
Datia,25.67,78.47,37.3,34
Deesa,24.25,72.17,40.8,31
Dehradun,30.32,78.03,29.7,42
Dehri,24.87,84.18,33.1,53
Delhi,42.85,-80.5,5.4,89
Delhi Cantonment,28.6,77.13,33.9,43
Deoghar,24.27,91.08,33.2,56
Deoli,20.67,78.48,41.8,21
Deoria,26.5,83.79,30.3,62
Dewas,22.97,76.07,39.1,25
Dhanbad,23.8,86.45,28.1,78
Dharmavaram,14.43,77.72,37.0,36
Dhaulpur,26.7,77.9,36.8,32
Dhule,20.9,74.78,40.2,20
Dibrugarh,27.48,94.9,32.1,58
Dimapur,25.9,93.73,32.5,53
Nizamat Ghopkhali,22.27,89.9,32.8,59
Dindigul,10.35,77.95,39.2,27
Dum Dum,22.62,88.42,24.5,100
Durgapur,23.48,87.32,25.9,91
Durgapur,23.48,87.32,25.9,91
Eluru,16.7,81.1,39.2,39
English Bazar,25.0,88.15,29.5,70
Erode,11.35,77.73,37.5,31
Etah,27.63,78.67,35.7,38
Etawah,26.77,79.03,36.0,37
Faizabad,26.78,82.13,31.2,58
Faridabad,28.43,77.32,34.0,43
Farrukhabad,31.2,52.61,33.8,8
Fatehpur,27.98,74.95,41.0,23
Firozabad,27.15,78.42,36.0,39
Firozpur,30.92,74.6,36.8,29
Gadag,25.63,64.31,40.9,27
Gandhidham,23.08,70.13,35.2,51
Gandhinagar,23.22,72.68,41.5,28
Ganganagar,29.92,73.88,42.4,12
Gangapur,22.53,90.68,31.3,75
Gangawati,15.43,76.53,38.0,33
Gaya,24.78,85.0,31.4,58
Ghazipur,25.58,83.57,33.0,53
Giridih,24.18,86.3,29.3,69
Godhra,22.75,73.63,39.0,36
Gokal,31.33,70.89,42.3,15
Gondar,12.6,37.47,21.1,62
Gondal,21.97,70.8,37.2,39
Gorakhpur,29.45,75.68,37.4,27
Hyderabad,25.37,68.37,40.7,42
Mumbai,18.98,72.83,32.7,61
Noida,28.57,77.32,34.0,45
Gudivada,16.45,80.98,37.5,41
Gulbarga,17.33,76.83,38.3,28
Guna,24.65,77.32,38.6,25
Guntakal,15.17,77.38,35.7,39
Guntur,16.3,80.45,38.2,38
Gurgaon,28.47,77.03,33.3,46
Guwahati,26.18,91.73,32.0,55
Gwalior,26.22,78.18,36.6,36
Habra,22.83,88.63,25.2,95
Hajipur,25.68,85.22,30.0,67
Haldia,22.03,88.06,28.0,81
Haldwani,29.22,79.52,31.0,42
Halisahar,22.95,88.42,25.8,96
Hanumangarh,29.58,74.32,41.8,14
Haora,22.59,88.31,24.9,99
Hapur,28.72,77.78,32.4,53
Hardoi,27.12,80.15,35.1,40
Hardwar,29.97,78.17,31.8,43
Hassan,13.0,76.1,26.8,71
Hathras,27.6,78.05,34.6,44
Hazaribag,23.98,85.35,30.5,46
Hindaun,26.72,77.02,36.8,33
Hindupur,13.83,77.49,34.8,39
Hinganghat,20.57,78.83,41.7,25
Hisar,29.17,75.72,39.0,26
Hoshangabad,22.75,77.72,39.9,28
Hoshiarpur,31.53,75.92,34.2,29
Hospet,15.27,76.4,34.8,44
Hosur,12.72,77.82,32.5,44
Dharwad,15.47,75.02,33.2,43
Hugli,22.85,91.02,32.1,66
Ichalkaranji,16.7,74.47,35.6,35
Imphal,24.82,93.95,29.7,42
Indore,22.72,75.83,38.1,28
Jabalpur,23.17,79.95,41.5,17
Jagadhri,30.17,77.3,33.0,42
Jagdalpur,19.07,82.03,35.5,38
Jaipur,26.92,75.82,38.5,22
Jalandhar,31.33,75.58,35.6,29
Jalgaon,21.05,76.53,39.8,23
Jalna,19.83,75.88,40.1,20
Jalpaiguri,26.52,88.73,31.8,60
Jamalpur,24.92,89.93,32.2,63
Jammu,32.73,74.87,35.2,24
Jamnagar,22.47,70.07,37.2,40
Jamshedpur,22.8,86.18,29.4,76
Jamuria,23.7,87.08,27.2,85
Jaunpur,25.73,82.68,33.5,47
Jehanabad,28.89,58.9,44.0,5
Jetpur,21.73,70.62,36.2,44
Jhansi,25.43,78.58,37.5,31
Jhunjhunun,28.13,75.4,39.5,26
Jind,29.32,76.32,34.2,39
Jodhpur,26.29,73.03,40.2,29
Junagadh,21.52,70.47,34.3,50
Kadapa,14.47,78.82,32.2,54
Kaithal,29.8,76.38,33.5,41
Kakinada,16.93,82.22,39.5,39
Kalol,23.25,72.48,41.9,27
Kalyani,22.98,88.48,25.6,95
Kamarhati,22.67,88.37,25.0,97
Kancheepuram,12.83,79.72,35.9,49
Kanchrapara,22.97,88.43,25.8,96
Kanpur,26.47,80.35,36.2,37
Kanpur,32.58,74.62,35.5,27
Karaikkudi,10.07,78.78,36.0,44
Nagar,22.93,90.17,28.4,89
Karimnagar,18.43,79.15,39.1,28
Karnal,29.68,76.98,34.2,40
Kasganj,27.82,78.65,34.8,40
Kashipur,29.22,78.95,32.5,46
Katihar,25.53,87.58,31.1,66
Khammam,17.25,80.15,39.5,30
Khandwa,21.83,76.33,40.5,22
Khanna,30.7,76.22,35.0,34
Kharagpur,22.33,87.33,26.5,94
Khardaha,22.72,88.38,25.3,96
Khargone,21.82,75.6,40.2,25
Khora,37.05,21.72,23.0,81
Khurja,28.25,77.85,33.3,50
Kirari,-3.39,29.54,19.6,54
Kishanganj,26.12,87.93,31.2,63
Kishangarh,27.82,76.72,34.3,42
Kochi,9.97,76.23,27.4,84
Kolar,13.13,78.13,30.6,52
Kolhapur,16.7,74.22,33.1,45
Kolkata,22.57,88.37,24.5,100
Kollam,8.88,76.59,27.7,84
Korba,22.35,82.68,37.0,32
Kota Bharu,6.13,102.25,27.0,89
Kozhikode,11.25,75.77,28.3,85
Krishnanagar,23.4,88.5,26.8,92
Kulti,23.73,86.85,27.8,83
Kumbakonam,10.97,79.38,34.8,55
Kurichi Lozy,48.08,30.35,14.8,54
Kurnool,15.83,78.05,35.7,43
Lakhimpur,27.95,80.77,32.5,48
Lalitpur,27.67,85.33,19.9,90
Latur,18.4,76.58,38.2,22
Loni,28.75,77.28,34.5,42
Lucknow,26.85,80.92,34.5,42
Ludhiana,30.9,75.85,35.5,31
Machilipatnam,16.17,81.13,37.7,37
Madanapalle,13.55,78.5,30.0,58
Madavaram,13.15,80.24,34.6,60
Madhyamgram,22.7,88.45,25.0,97
Madurai,9.93,78.12,34.5,47
Mahbubnagar,16.73,77.98,35.8,40
Mahesana,23.6,72.4,40.8,28
Mainpuri,27.23,79.02,36.3,37
Malegaon,20.55,74.53,38.5,24
Mandsaur,24.07,75.07,38.0,32
Mandya,12.52,76.9,32.5,46
Mangalore,12.86,74.84,29.4,78
Mangochi,-14.47,35.27,26.0,52
Mathura,27.5,77.68,34.7,46
Maunath Bhanjan,25.94,83.56,32.6,50
Medinipur,22.43,87.33,26.5,95
Meerut,28.98,77.7,32.5,51
Mira,29.7,-9.47,23.2,55
Mirzapur-Cum-Vindhyachal,25.15,82.58,35.5,41
Mogadishu,2.07,45.37,27.1,79
Moradabad,28.83,78.78,33.5,44
Morena,26.5,78.0,37.8,32
Morvi,22.82,70.83,37.7,42
Motihari,26.65,84.92,29.4,70
Muktsar,30.48,74.52,38.0,25
Munger,25.38,86.47,30.4,67
Murwara,23.85,80.4,39.1,24
Mustafabad,30.77,73.7,39.7,21
Muzaffarnagar,29.47,77.68,32.3,48
Muzaffarpur,26.12,85.4,30.0,70
Mysore,12.31,76.65,30.5,53
Nabadwip,23.42,88.37,26.9,92
Nadiad,22.7,72.87,40.3,35
Nagaon,17.47,73.62,34.7,47
Nagapattinam,10.77,79.83,33.8,62
Nagaur,27.2,73.73,39.7,29
Nagda,23.45,75.42,38.7,28
Nagercoil,8.19,77.43,28.6,75
Nagpur,21.15,79.1,41.1,21
Naihati,22.9,88.42,25.5,97
Nalgonda,17.05,79.27,38.8,30
Nanded,19.15,77.33,40.3,25
Nandurbar,21.37,74.25,37.1,32
Nandyal,15.48,78.48,35.2,48
Nangloi Jat,28.68,77.07,35.2,39
Narasaraopet,16.25,80.07,37.9,40
Mumbai,18.98,72.83,32.7,61
Mumbai,18.98,72.83,32.7,61
Navsari,20.85,72.92,32.5,62
Neemuch,24.48,74.87,37.8,34
Nellore,14.43,79.97,37.7,40
New Delhi,28.6,77.2,34.0,44
Neyveli,11.53,79.48,36.2,45
Nizamabad,18.67,78.12,38.7,28
Noida,28.57,77.32,34.0,45
North Berwick,56.05,-2.73,17.3,68
Dum-Dum,13.2,15.38,41.2,18
Ongole,15.5,80.05,38.5,36
Orai,25.98,79.47,37.2,33
Osmanabad,18.17,76.05,36.8,26
Palakkad,10.77,76.65,27.5,81
Palanpur,24.17,72.43,39.2,37
Pali,25.77,73.33,40.0,30
Pallavaram,12.98,80.18,37.0,45
Palwal,28.15,77.33,34.3,47
Panihati,22.69,88.37,25.0,97
Panipat,29.39,76.97,31.9,53
Panvel,18.98,73.1,33.8,56
Parbhani,19.27,76.78,40.2,21
Patan,23.83,72.12,39.3,35
Pathankot,32.28,75.65,32.7,35
Patiala,30.33,76.4,34.6,39
Patna,25.6,85.12,30.0,68
Pilibhit,28.63,79.8,32.2,45
Chinchwad,18.62,73.78,33.5,43
Porbandar,21.63,69.6,32.1,65
Port Blair,11.67,92.75,29.0,76
Proddatur,14.73,78.55,36.2,42
Puducherry,11.93,79.83,32.0,71
Pudukkottai,10.38,78.82,36.2,45
Pune,18.53,73.87,34.0,41
Puri,19.8,85.85,27.0,95
Purnia,25.78,87.47,31.0,68
Puruliya,23.33,86.37,28.7,76
Rae Bareli,26.22,81.23,35.2,40
Raichur,16.2,77.37,36.9,37
Raiganj,25.62,88.12,31.2,65
Raigarh,21.9,83.4,32.5,60
Raipur,21.23,81.63,41.8,19
Rajahmundry,16.98,81.78,37.7,47
Rajapalayam,9.45,77.57,33.1,51
Gopalpur,22.33,89.1,29.1,76
Rajkot,22.3,70.78,38.8,34
Rajpur,24.77,90.3,32.2,63
Ramagundam,1.53,103.67,29.3,74
Rampur,28.82,79.03,33.5,45
Ranchi,23.35,85.33,29.0,57
Ranibennur,14.62,75.62,33.1,47
Raniganj,23.62,87.13,26.8,88
Ratlam,23.32,75.07,38.0,30
Ferrobank Industrial Township,-25.85,29.17,20.7,35
Raurkela,22.2,84.88,33.2,55
Rewa,24.53,81.3,37.5,27
Rewari,28.18,76.62,33.9,39
Rishra,22.71,88.35,25.4,96
Robertson,21.18,-77.55,23.6,98
Rohtak,28.9,76.57,35.8,38
Roorkee,29.87,77.88,31.9,47
Rudrapur,22.37,89.07,28.2,83
S.A.S. Mediouna,36.12,0.75,24.9,57
Sagar,23.83,78.72,39.0,24
Saharanpur,29.97,77.55,32.1,47
Saharsa,25.88,86.6,30.4,66
Sambalpur,21.45,83.97,34.8,49
Sambhal,28.58,78.55,33.8,44
Miraj,16.83,74.63,36.5,32
Santipur,24.57,88.93,31.2,66
Sasaram,24.95,84.03,33.2,52
Satara,17.68,73.98,32.0,47
Satna,24.58,80.83,37.6,28
Sawai Madhopur,25.98,76.37,39.5,24
Secunderabad,17.45,78.5,37.2,30
Sehore,23.2,77.08,40.0,22
Seoni,22.08,79.53,38.0,24
Serampore,22.75,88.34,25.4,96
Shahjahanpur,27.88,79.92,33.2,45
Shamli,29.45,77.32,32.0,51
Shikohabad,27.1,78.6,35.9,37
Shillong,25.58,91.87,22.4,73
Shimla,31.1,77.17,20.2,51
Shimoga,13.92,75.57,29.5,66
Shivpuri,25.43,77.65,38.0,25
Sikar,27.62,75.15,38.8,20
Silchar,24.82,92.8,33.7,55
Siliguri,29.27,80.98,22.4,66
Singrauli,24.2,82.67,35.7,32
Sirsa,29.53,75.02,41.3,19
Sitapur,27.57,80.68,32.5,49
Siwan,26.22,84.37,30.1,63
Solapur,17.68,75.92,38.5,27
Sonipat,28.98,77.02,34.2,43
Dum-Dum,13.2,15.38,41.2,18
Srikakulam,18.3,83.9,33.4,68
Srinagar,34.09,74.8,25.9,29
Sujangarh,27.7,74.47,40.6,21
Pur Pur,-7.71,-77.78,3.2,71
Sultanpur,26.27,82.07,34.0,45
Surat,20.97,72.9,33.2,59
Surendranagar,22.7,71.68,41.6,28
Suryapet,17.15,79.62,39.0,32
Tadepalligudem,16.83,81.5,38.5,46
Tadpatri,14.92,78.02,37.3,37
Tambaram,12.93,80.11,36.3,46
Tenali,16.25,80.58,37.7,40
Thanesar,29.98,76.82,33.8,42
Thanesar,29.98,76.82,33.8,42
Thanjavur,10.8,79.15,33.8,59
Thiruvananthapuram,8.51,76.96,27.2,84
Thrissur,10.52,76.22,27.0,91
Tiruchirappalli,10.81,78.69,37.9,38
Tirunelveli,8.73,77.7,33.5,51
Tirupati,13.65,79.42,39.0,31
Tiruppur,11.1,77.35,32.2,54
Tiruvannamalai,12.22,79.07,34.0,50
Tiruvottiyur,13.16,80.3,34.6,60
Titagarh,22.74,88.37,25.3,96
Tonk,26.17,75.78,39.3,21
Tumkur,13.34,77.1,32.0,47
Udaipur,27.72,75.48,35.2,32
Udgir,18.38,77.12,37.6,27
Udupi,13.35,74.75,28.7,86
Ujjain,23.18,75.77,38.8,27
Ulhasnagar,19.22,73.15,36.0,45
Uluberia,22.47,88.11,24.6,100
Unnao,26.53,80.5,35.8,38
Uttarpara,25.03,92.02,33.8,50
Vadodara,22.3,73.2,38.0,41
Valsad,20.63,72.93,32.3,63
Varanasi,25.33,83.0,33.3,50
Virar,-12.57,14.42,23.8,29
Vellore,12.93,79.13,35.2,43
Veraval,20.9,70.37,32.2,64
Vidisha,23.53,77.82,40.0,23
Vijayawada,16.52,80.62,38.7,37
Visakhapatnam,17.7,83.3,34.8,57
Vizianagaram,18.12,83.42,34.8,63
Warangal,18.0,79.58,38.5,32
Wardha,20.75,78.62,42.1,20
Yamunanagar,30.1,77.28,33.1,42
Yavatmal,20.4,78.13,39.8,22
